,facility_code,facility_type,facility_name,open_pending,nice_name,latitude,longitude,type,securityType,addr1,addr2,city,state,zip,pop_total,lat_adj,long_adj
0,CAC,C,ADAMS COUNTY CORR CTR CCM,P,Adams County Correctional Center CCM,,,,,,,,,,,,
1,CAT,C,ATLANTA CCM,O,Atlanta CCM,33.71188173364292,-84.3639063835144,RRM,N/A,719 MCDONOUGH BLVD S.E.,,ATLANTA,GA,30315,,33.71188173364292,-84.3639063835144
2,CBR,C,BALTIMORE CCM,O,Baltimore CCM,39.12027227440838,-76.77684903144836,RRM,N/A,"400 FIRST STREET, NW",5TH FLOOR,WASHINGTON,MD,20534,,39.12027227440838,-76.77484903144837
3,CBS,C,BIG SPRING CCM,P,Big Spring CCM,,,,,,,,,,,,
4,CBN,C,BOSTON CCM,O,Boston CCM,,,,,,,,,,,,
5,CCF,C,CALIFORNIA CITY CCM,P,California City CCM,,,,,,,,,,,,
6,CCH,C,CHICAGO CCM,O,Chicago CCM,41.879379047907044,-87.63412535190582,RRM,N/A,"1901 BUTTERFIELD ROAD, SUITE",130,DOWNERS GROVE,IL,60515,,41.879379047907044,-87.63412535190582
7,CCB,C,CIBOLA COUNTY CCM,P,Cibola County CCM,,,,,,,,,,,,
8,CCN,C,CINCINNATI CCM,O,Cincinnati CCM,39.10385710591814,-84.51236665248871,RRM,N/A,"36 E. 7TH ST., SUITE 2107-A",,CINCINNATI,OH,45202,,39.10385710591814,-84.51236665248871
9,CRJ,C,D. RAY JAMES CORR FCL CCM,P,D. Ray James Correctional Facility CCM,,,,,,,,,,,,
10,CDL,C,DALBY CCM,P,Dalby CCM,,,,,,,,,,,,
11,CDA,C,DALLAS CCM,O,Dallas CCM,32.812670070909164,-96.81384086608887,RRM,N/A,US ARMED FORCES RESERVE CMPL,344 MARINE FORCES DR,GRAND PRAIRIE,TX,75051,,32.812670070909164,-96.81384086608887
12,CDE,C,DENVER CCM,O,Denver CCM,,,,,,,,,,,,
13,CDT,C,DETROIT CCM,O,Detroit CCM,42.09890703288096,-83.66957902908325,RRM,N/A,4026 E. ARKONA RD.,,MILAN,MI,48160,,42.09890703288096,-83.66957902908325
14,CDC,C,DIST OF COLUMBIA CCM,O,District of Columbia CCM,,,,,,,,,,,,
15,CED,C,EDEN CCM,P,Eden CCM,,,,,,,,,,,,
16,CEP,C,EL PASO CCM,O,El Paso CCM,,,,,,,,,,,,
17,CGP,C,GREAT PLAINS CCM,P,Great Plains CCM,,,,,,,,,,,,
18,CHN,C,HOUSTON CCM,O,Houston CCM,,,,,,,,,,,,
19,CKC,C,KANSAS CITY CCM,O,Kansas City CCM,39.11654316704711,-94.61968660354614,RRM,N/A,"400 STATE AVE., RM 131",,KANSAS CITY,KS,66101,,39.11654316704711,-94.61968660354614
20,CLI,C,LIMESTONE CCM,P,Limestone CCM,,,,,,,,,,,,
21,CLB,C,LONG BEACH CCM,O,Long Beach CCM,33.7270523232909,-118.26810121536255,RRM,N/A,1299 SEASIDE AVENUE,,SAN PEDRO,CA,90731,,33.7270523232909,-118.26810121536255
22,CMC,C,MCRAE CCM,P,McRae CCM,,,,,,,,,,,,
23,CMM,C,MIAMI CCM,O,Miami CCM,25.778068631351726,-80.19376873970032,RRM,N/A,401 N MIAMI AVENUE,,MIAMI,FL,33128,,25.778068631351726,-80.19376873970032
24,CMI,C,MILWAUKEE CCM,O,Milwaukee CCM,,,,,,,,,,,,
25,CMS,C,MINNEAPOLIS CCM,O,Minneapolis CCM,44.97805044643724,-93.26568603515625,RRM,N/A,"300 SOUTH 4TH ST, SUITE 1210",,MINNEAPOLIS,MN,55415,,44.97805044643724,-93.26568603515625
26,CMY,C,MONTGOMERY CCM,O,Montgomery CCM,32.39196604905696,-86.35588645935059,RRM,N/A,"MAXWELL AFB, BLDG 1209",820 WILLOW STREET,MONTGOMERY,AL,36112,,32.39196604905696,-86.35588645935059
27,CMV,C,MOSHANNON VALLEY CCM,P,Moshannon Valley CCM,,,,,,,,,,,,
28,CNV,C,NASHVILLE CCM,O,Nashville CCM,36.15833785894452,-86.78255081176758,RRM,N/A,"701 BROADWAY ST, SUITE 124",,NASHVILLE,TN,37203,,36.15833785894452,-86.78255081176758
29,CNO,C,NEW ORLEANS CCM,O,New Orleans CCM,,,,,,,,,,,,
30,CNK,C,NEW YORK CCM,O,New York CCM,40.65988732637896,-74.00301575660706,RRM,N/A,201 VARICK STREET,ROOM 849,NEW YORK,NY,10014,,40.65988732637896,-74.00301575660706
31,COR,C,ORLANDO CCM,O,Orlando CCM,28.75962721130452,-82.00122356414795,RRM,N/A,6303 COUNTY ROAD 500,,WILDWOOD,FL,34785,,28.75962721130452,-82.00122356414795
32,CPA,C,PHILADELPHIA CCM,O,Philadelphia CCM,39.94940796479055,-75.14578700065613,RRM,N/A,2ND & CHESTNUT ST - 7TH FL,,PHILADELPHIA,PA,19106,,39.94940796479055,-75.14578700065613
33,CPH,C,PHOENIX CCM,O,Phoenix CCM,33.451026,-112.07539,RRM,N/A,"230 N FIRST AVE, SUITE 405",,PHOENIX,AZ,85003,,33.451026,-112.07539
34,CPG,C,PITTSBURGH CCM,O,Pittsburgh CCM,40.44363210182356,-79.99524235725403,RRM,N/A,"1000 LIBERTY AVENUE,STE 1315",,PITTSBURGH,PA,15222,,40.44363210182356,-79.99524235725403
35,CRL,C,RALEIGH CCM,O,Raleigh CCM,36.144528857027744,-78.79013657569885,RRM,N/A,OLD NC 75 HIGHWAY,,BUTNER,NC,27509,,36.144528857027744,-78.79013657569885
36,CRE,C,REEVES CCM,P,Reeves CCM,,,,,,,,,,,,
37,CRS,C,REEVES DC CCM,P,Reeves DC CCM,,,,,,,,,,,,
38,CRV,C,RIVERS CCM,P,Rivers CCM,,,,,,,,,,,,
39,CSC,C,SACRAMENTO CCM,O,Sacramento CCM,38.58354934727576,-121.49880051612854,RRM,N/A,"501 I STREET, SUITE 9-400",,SACRAMENTO,CA,95814,,38.58354934727576,-121.49880051612854
40,CSL,C,SALT LAKE CITY CCM,O,Salt Lake City CCM,,,,,,,,,,,,
41,CSA,C,SAN ANTONIO CCM,O,San Antonio CCM,29.41751655130468,-98.48473906517029,RRM,N/A,727 EAST CESAR E. CHAVEZ BLV,SUITE B-138,SAN ANTONIO,TX,78206,,29.41751655130468,-98.48473906517029
42,CSE,C,SEATTLE CCM,O,Seattle CCM,47.4227076,-122.3024917,RRM,N/A,2425 SOUTH 200 ST (AT FDC),,SEATTLE,WA,98198,,47.4227076,-122.3024917
43,CST,C,ST LOUIS CCM,O,St Louis CCM,38.62438528072939,-90.19984602928162,RRM,N/A,"1222 SPRUCE ST, SUITE 6.101",,ST LOUIS,MO,63103,,38.62438528072939,-90.19984602928162
44,CTF,C,TAFT CCM,P,Taft CCM,,,,,,,,,,,,
45,ACC,T,ADAMS COUNTY CORR CTR CI,O,Adams County Correctional Center CI,,,,,,,,,,,,
46,ALD,T,ALDERSON FPC,O,Alderson FPC,37.725277605059226,-80.65844535827637,FPC,Minimum,GLEN RAY RD. BOX A,,ALDERSON,WV,24910,754.0,37.725277605059226,-80.65844535827637
47,ALI,T,ALICEVILLE FCI,O,Aliceville FCI,33.144055298450276,-88.1669569015503,FCI,Low,11070 HIGHWAY 14,,ALICEVILLE,AL,35442,1603.0,33.144055298450276,-88.1669569015503
48,ALF,T,ALLENWOOD LOW FCI,O,Allenwood Low FCI,41.163656667848024,-76.92302942276001,,,"RT 15,2 MILES N OF ALLENWOOD",,ALLENWOOD,PA,17810,1069.0,41.163656667848024,-76.92302942276001
49,ALM,T,ALLENWOOD MED FCI,O,Allenwood Med FCI,41.128455655130786,-76.91230058670044,,,"RT 15, 2 MI N OF ALLENWOOD",,WHITE DEER,PA,17810,1262.0,41.128455655130786,-76.91030058670044
50,ALP,T,ALLENWOOD USP,O,Allenwood USP,41.128455655130786,-76.91230058670044,,,"RT 15,2 MILES N OF ALLENWOOD",,ALLENWOOD,PA,17810,254.0,41.128455655130786,-76.91430058670043
51,ASH,T,ASHLAND FCI,O,Ashland FCI,38.43626194850654,-82.70134449005127,FCI,Low,ST. ROUTE 716,,ASHLAND,KY,41105,1322.0,38.43626194850654,-82.70134449005127
52,ATL,T,ATLANTA USP,O,Atlanta USP,33.711463,-84.371153,FCI,Low,601 MCDONOUGH BLVD SE,,ATLANTA,GA,30315,1869.0,33.711463,-84.371153
53,ATW,T,ATWATER USP,O,Atwater USP,37.38309935091961,-120.55909395217896,USP,High,1 FEDERAL WAY,,ATWATER,CA,95301,1223.0,37.38309935091961,-120.55909395217896
54,BAS,T,BASTROP FCI,O,Bastrop FCI,30.192914965504624,-97.30746388435364,FCI,Low,1341 HIGHWAY 95 NORTH,,BASTROP,TX,78602,1130.0,30.192914965504624,-97.30746388435364
55,BMA,T,BEAUMONT ADMIN,P,Beaumont Admin,,,,,,,,,,,,
56,BML,T,BEAUMONT LOW FCI,O,Beaumont Low FCI,29.963523369409856,-94.07785892486572,,,5560 KNAUTH ROAD,,BEAUMONT,TX,77705,2154.0,29.963523369409856,-94.07585892486573
57,BMM,T,BEAUMONT MED FCI,O,Beaumont Med FCI,29.963523369409856,-94.07785892486572,,,5830 KNAUTH ROAD,,BEAUMONT,TX,77705,1608.0,29.965255420217424,-94.07885892486573
58,BMP,T,BEAUMONT USP,O,Beaumont USP,29.963523369409856,-94.07785892486572,,,6200 KNAUTH ROAD,,BEAUMONT,TX,77705,1365.0,29.961791318602288,-94.07885892486573
59,BEC,T,BECKLEY FCI,O,Beckley FCI,37.808292105520145,-81.12555742263794,FCI,Medium,1600 INDUSTRIAL ROAD,,BEAVER,WV,25813,1699.0,37.808292105520145,-81.12555742263794
60,BEN,T,BENNETTSVILLE FCI,O,Bennettsville FCI,34.67387626588273,-79.72460746765137,FCI,Medium,696 MUCKERMAN ROAD,,BENNETTSVILLE,SC,29512,1576.0,34.67387626588273,-79.72460746765137
61,BER,T,BERLIN FCI,O,Berlin FCI,44.52254966316118,-71.13761186599731,FCI,Medium,1 SUCCESS LOOP ROAD,,BERLIN,NH,03570,982.0,44.52254966316118,-71.13761186599731
62,BSY,T,BIG SANDY USP,O,Big Sandy USP,37.84246141054429,-82.53667831420898,USP,High,1197 AIRPORT ROAD,,INEZ,KY,41224,1264.0,37.84246141054429,-82.53667831420898
63,BSC,T,BIG SPRING CI,O,Big Spring CI,,,,,,,,,,,,
64,BIG,T,BIG SPRING FCI,O,Big Spring FCI,32.22123811076942,-101.50749206542969,FCI,Low,1900 SIMLER AVE,,BIG SPRING,TX,79720,807.0,32.22123811076942,-101.50749206542969
65,BRO,T,BROOKLYN MDC,O,Brooklyn MDC,40.66022101614251,-74.00356829166412,MDC,Administrative,80 29TH STREET,,BROOKLYN,NY,11232,1188.0,40.66022101614251,-74.00356829166412
66,BRY,T,BRYAN FPC,O,Bryan FPC,30.676010684831894,-96.36138439178467,FPC,Minimum,1100 URSULINE AVENUE,,BRYAN,TX,77803,639.0,30.676010684831894,-96.36138439178467
67,BUH,T,BUTNER FMC,O,Butner FMC,36.138212637486205,-78.79944920539856,,,OLD N. CAROLINA HWY 75,,BUTNER,NC,27509,869.0,36.138212637486205,-78.79744920539856
68,BUF,T,BUTNER LOW FCI,O,Butner Low FCI,36.138212637486205,-78.79944920539856,,,OLD NC HWY 75,,BUTNER,NC,27509,970.0,36.14021263748621,-78.79944920539856
69,BUT,T,BUTNER MED I FCI,O,Butner Med I FCI,36.138212637486205,-78.79944920539856,,,OLD NC HWY 75,,BUTNER,NC,27509,819.0,36.138212637486205,-78.80144920539855
70,BTF,T,BUTNER MED II FCI,O,Butner Med II FCI,36.138212637486205,-78.79944920539856,,,OLD NC HWY 75,,BUTNER,NC,27509,1577.0,36.1362126374862,-78.79944920539856
71,CAA,T,CANAAN USP,O,Canaan USP,41.56763099525645,-75.40834307670593,USP,High,3057 ERIC J. WILLIAMS,MEMORIAL DRIVE,WAYMART,PA,18472,1351.0,41.56763099525645,-75.40834307670593
72,CRW,T,CARSWELL FMC,O,Carswell FMC,32.78538039249088,-97.41971969604492,FMC,Administrative,NAVAL AIR STATION,1200 MEANDERING ROAD,FORT WORTH,TX,76114,1199.0,32.78538039249088,-97.41971969604492
73,CCC,T,CHICAGO MCC,O,Chicago MCC,41.876665007896996,-87.63018518686295,MCC,Administrative,71 WEST VAN BUREN STREET,,CHICAGO,IL,60605,503.0,41.876665007896996,-87.63018518686295
74,CIB,T,CIBOLA COUNTY CI,O,Cibola County CI,,,,,,,,,,,,
75,COA,T,COLEMAN ADMIN,P,Coleman Admin,,,,,,,,,,,,
76,COP,T,COLEMAN I USP,O,Coleman I USP,28.755825012996887,-82.0135349035263,,,846 NE 54TH TERRACE,,SUMTERVILLE,FL,33521,1332.0,28.755825012996887,-82.01153490352631
77,CLP,T,COLEMAN II USP,O,Coleman II USP,28.755825012996887,-82.0135349035263,,,846 NE 54TH TERRACE,,SUMTERVILLE,FL,33521,1087.0,28.757825012996886,-82.0135349035263
78,COL,T,COLEMAN LOW FCI,O,Coleman Low FCI,28.755825012996887,-82.0135349035263,,,846 NE 54TH TERRACE,,SUMTERVILLE,FL,33521,2045.0,28.755825012996887,-82.0155349035263
79,COM,T,COLEMAN MED FCI,O,Coleman Med FCI,28.755825012996887,-82.0135349035263,,,846 NE 54TH TERRACE,,SUMTERVILLE,FL,33521,1488.0,28.753825012996888,-82.0135349035263
80,CUM,T,CUMBERLAND FCI,O,Cumberland FCI,39.59560288583264,-78.754141330719,FCI,Medium,14601 BURBRIDGE RD SE,,CUMBERLAND,MD,21502,1012.0,39.59560288583264,-78.754141330719
81,DRJ,T,D. RAY JAMES CORR FACL CI,O,D. Ray James Correctional Facility CI,,,,,,,,,,,,
82,DAL,T,DALBY CI,O,Dalby CI,,,,,,,,,,,,
83,DAN,T,DANBURY FCI,O,Danbury FCI,41.4406915868142,-73.47323656082153,FCI,Low,33 1/2 PEMBROKE STATION,ROUTE 37,DANBURY,CT,06811,1258.0,41.4406915868142,-73.47323656082153
84,DEV,T,DEVENS FMC,O,Devens FMC,42.52879629320373,-71.62627816200256,FMC,Administrative,42 PATTON ROAD,,AYER,MA,01432,1073.0,42.52879629320373,-71.62627816200256
85,DUB,T,DUBLIN FCI,O,Dublin FCI,37.71593179457435,-121.88796758651733,FCI,Low,5701 8TH ST - CAMP PARKS,,DUBLIN,CA,94568,0.0,37.71593179457435,-121.88796758651733
86,DTH,T,DULUTH FPC,O,Duluth FPC,46.8342697,-92.1958948,FPC,Minimum,4464 RALSTON DRIVE,,DULUTH,MN,55811,712.0,46.8342697,-92.1958948
87,EDN,T,EDEN CI,O,Eden CI,,,,,,,,,,,,
88,EDG,T,EDGEFIELD FCI,O,Edgefield FCI,33.760097075210616,-81.9198989868164,FCI,Medium,501 GARY HILL ROAD,,EDGEFIELD,SC,29824,1918.0,33.760097075210616,-81.9198989868164
89,ERE,T,EL RENO FCI,O,El Reno FCI,35.537063059389546,-98.00233840942383,FCI,Medium,4205 HIGHWAY 66 WEST,,EL RENO,OK,73036,1182.0,35.537063059389546,-98.00233840942383
90,ELK,T,ELKTON FCI,O,Elkton FCI,40.76804545819932,-80.7119607925415,FCI,Low,8730 SCROGGS ROAD,,LISBON,OH,44432,2012.0,40.76804545819932,-80.7119607925415
91,ENG,T,ENGLEWOOD FCI,O,Englewood FCI,39.63874440886546,-105.10702729225159,FCI,Low,9595 WEST QUINCY AVENUE,,LITTLETON,CO,80123,962.0,39.63874440886546,-105.10702729225159
92,EST,T,ESTILL FCI,O,Estill FCI,32.71999903656538,-81.25186800956726,FCI,Medium,100 PRISON ROAD,,ESTILL,SC,29918,42.0,32.71999903656538,-81.25186800956726
93,FAI,T,FAIRTON FCI,O,Fairton FCI,39.38979954241257,-75.15979886054993,FCI,Medium,655 FAIRTON-MILLVILLE ROAD,,FAIRTON,NJ,08320,794.0,39.38979954241257,-75.15979886054993
94,FLM,T,FLORENCE ADMAX USP,O,Florence ADMAX USP,38.3614873975681,-105.10712921619415,,,5880 HWY 67 SOUTH,,FLORENCE,CO,81226,348.0,38.3614873975681,-105.10512921619416
95,FLF,T,FLORENCE FCI,O,Florence FCI,38.3614873975681,-105.10712921619415,,,5880 HWY 67 SOUTH,,FLORENCE,CO,81226,1431.0,38.363219448375666,-105.10812921619416
96,FLP,T,FLORENCE HIGH USP,O,Florence High USP,38.3614873975681,-105.10712921619415,,,5880 HWY 67 S,,FLORENCE,CO,81226,782.0,38.35975534676053,-105.10812921619416
97,FOR,T,FORREST CITY FCI,O,Forrest City FCI,34.979139884580924,-90.81344962120056,,,1400 DALE BUMPERS ROAD,,FORREST CITY,AR,72335,1864.0,34.979139884580924,-90.81144962120057
98,FOM,T,FORREST CITY MED FCI,O,Forrest City Med FCI,34.979139884580924,-90.81344962120056,,,1400 DALE BUMPERS ROAD,,FORREST CITY,AR,72335,1629.0,34.979139884580924,-90.81544962120056
99,FTD,T,FORT DIX FCI,O,Fort Dix FCI,40.00005428525468,-74.60862636566162,FCI,Low,5756 HARTFORD &,POINTVILLE RD,JOINT BASE MDL,NJ,08640,4055.0,40.00005428525468,-74.60862636566162
100,FTW,T,FORT WORTH FCI,O,Fort Worth FCI,32.68028303183295,-97.28237986564636,FMC,Administrative,3150 HORTON ROAD,,FORT WORTH,TX,76119,1547.0,32.68028303183295,-97.28237986564636
101,GIL,T,GILMER FCI,O,Gilmer FCI,38.922157403987896,-80.78066825866699,FCI,Medium,201 FCI LANE,,GLENVILLE,WV,26351,1114.0,38.922157403987896,-80.78066825866699
102,GPC,T,GREAT PLAINS CI,O,Great Plains CI,,,,,,,,,,,,
103,GRE,T,GREENVILLE FCI,O,Greenville FCI,38.86760525803305,-89.41413044929504,FCI,Medium,100 U.S. HWY 40,,GREENVILLE,IL,62246,1277.0,38.86760525803305,-89.41413044929504
104,GUA,T,GUAYNABO MDC,O,Guaynabo MDC,18.423649287643677,-66.11253619194031,MDC,Administrative,652 CARRETERA 28,,GUAYNABO,PR,00965,1101.0,18.423649287643677,-66.11253619194031
105,HAF,T,HAZELTON FCI,O,Hazelton FCI,39.674229,-79.498873,,,1640 SKY VIEW DRIVE,,BRUCETON MILLS,WV,26525,2095.0,39.674229,-79.49687300000001
106,HAZ,T,HAZELTON USP,O,Hazelton USP,39.674229,-79.498873,,,1640 SKY VIEW DRIVE,,BRUCETON MILLS,WV,26525,1432.0,39.674229,-79.500873
107,HER,T,HERLONG FCI,O,Herlong FCI,40.14406729825646,-120.16358613967896,FCI,Medium,741-925 ACCESS ROAD A-25,,HERLONG,CA,96113,1568.0,40.14406729825646,-120.16358613967896
108,HON,T,HONOLULU FDC,O,Honolulu FDC,21.333987785347585,-157.92874574661255,FDC,Administrative,351 ELLIOTT ST,,HONOLULU,HI,96819,222.0,21.333987785347585,-157.92874574661255
109,HOU,T,HOUSTON FDC,O,Houston FDC,29.75869136693049,-95.36042153835297,FDC,Administrative,1200 TEXAS AVENUE,,HOUSTON,TX,77002,901.0,29.75869136693049,-95.36042153835297
110,JES,T,JESUP FCI,O,Jesup FCI,31.56110354219634,-81.89178943634033,FCI,Medium,2600 HIGHWAY 301 SOUTH,,JESUP,GA,31599,1657.0,31.56110354219634,-81.89178943634033
111,LAT,T,LA TUNA FCI,O,La Tuna FCI,31.98318108812643,-106.60508394241333,FCI,Low,8500 DONIPHAN ROAD,,ANTHONY,TX,79821,654.0,31.98318108812643,-106.60508394241333
112,LVN,T,LEAVENWORTH USP,O,Leavenworth USP,39.32765014712151,-94.93635892868042,FCI,Medium,1300 METROPOLITAN,,LEAVENWORTH,KS,66048,1699.0,39.32765014712151,-94.93635892868042
113,LEE,T,LEE USP,O,Lee USP,36.70782701264506,-82.99381792545319,USP,High,LEE COUNTY INDUSTRIAL PARK,HICKORY FLATS ROAD,PENNINGTON GAP,VA,24277,1370.0,36.70782701264506,-82.99381792545319
114,LEW,T,LEWISBURG USP,O,Lewisburg USP,40.98107250469765,-76.91349685192108,FCI,Medium,2400 ROBERT F. MILLER DRIVE,,LEWISBURG,PA,17837,1114.0,40.98107250469765,-76.91349685192108
115,LEX,T,LEXINGTON FMC,O,Lexington FMC,38.09795632354743,-84.56653118133545,FMC,Administrative,3301 LEESTOWN ROAD,,LEXINGTON,KY,40511,1324.0,38.09795632354743,-84.56653118133545
116,LIM,T,LIMESTONE DC,O,Limestone DC,,,,,,,,,,,,
117,LOF,T,LOMPOC FCI,O,Lompoc FCI,34.67752908638252,-120.49707055091858,,,3600 GUARD ROAD,,LOMPOC,CA,93436,893.0,34.67752908638252,-120.49707055091858
118,LOM,T,LOMPOC USP,O,Lompoc USP,34.67613503380097,-120.50559997558594,,,3901 KLEIN BLVD,,LOMPOC,CA,93436,2064.0,34.67613503380097,-120.50559997558594
119,LOR,T,LORETTO FCI,O,Loretto FCI,40.495313768972544,-78.61657619476318,FCI,Low,772 SAINT JOSEPH ST.,,LORETTO,PA,15940,858.0,40.495313768972544,-78.61657619476318
120,LOS,T,LOS ANGELES MDC,O,Los Angeles MDC,34.05352165876335,-118.23806047439575,MDC,Administrative,535 N ALAMEDA STREET,,LOS ANGELES,CA,90012,756.0,34.05352165876335,-118.23806047439575
121,MAN,T,MANCHESTER FCI,O,Manchester FCI,37.1808772921765,-83.78428101539612,FCI,Medium,805 FOX HOLLOW ROAD,,MANCHESTER,KY,40962,1126.0,37.1808772921765,-83.78428101539612
122,MNA,T,MARIANNA FCI,O,Marianna FCI,30.812283043070753,-85.18894046545029,FCI,Medium,3625 FCI ROAD,,MARIANNA,FL,32446,1207.0,30.812283043070753,-85.18894046545029
123,MAR,T,MARION USP,O,Marion USP,37.66132489364545,-88.98763239383698,FCI,Medium,4500 PRISON ROAD,,MARION,IL,62959,1214.0,37.66132489364545,-88.98763239383698
124,MCR,T,MCCREARY USP,O,McCreary USP,36.6857315434324,-84.39077138900757,USP,High,330 FEDERAL WAY,,PINE KNOT,KY,42635,1451.0,36.6857315434324,-84.39077138900757
125,MCD,T,MCDOWELL FCI,O,McDowell FCI,37.47926852959168,-81.55574083328247,FCI,Medium,101 FEDERAL DRIVE,,WELCH,WV,24801,1626.0,37.47926852959168,-81.55574083328247
126,MCK,T,MCKEAN FCI,O,McKean FCI,41.796124056544855,-78.69246125221252,FCI,Medium,6975 ROUTE 59,,LEWIS RUN,PA,16738,1109.0,41.796124056544855,-78.69246125221252
127,MCA,T,MCRAE CI,O,McRae CI,,,,,,,,,,,,
128,MEM,T,MEMPHIS FCI,O,Memphis FCI,35.155301850272586,-89.86424267292023,FCI,Low,1101 JOHN A DENIE ROAD,,MEMPHIS,TN,38134,1199.0,35.155301850272586,-89.86424267292023
129,MEN,T,MENDOTA FCI,O,Mendota FCI,36.73076525449928,-120.39236515760422,FCI,Medium,33500 WEST CALIFORNIA AVENUE,,MENDOTA,CA,93640,776.0,36.73076525449928,-120.39236515760422
130,MIA,T,MIAMI FCI,O,Miami FCI,25.616883771255377,-80.41434556245804,FCI,Low,15801 S.W. 137TH AVENUE,,MIAMI,FL,33177,1048.0,25.616883771255377,-80.41434556245804
131,MIM,T,MIAMI FDC,O,Miami FDC,25.778017910255254,-80.19311964511871,FDC,Administrative,33 NE 4TH STREET,,MIAMI,FL,33132,1086.0,25.778017910255254,-80.19311964511871
132,MIL,T,MILAN FCI,O,Milan FCI,42.098914993554835,-83.66956830024719,FCI,Low,4004 EAST ARKONA ROAD,,MILAN,MI,48160,1580.0,42.098914993554835,-83.66956830024719
133,MON,T,MONTGOMERY FPC,O,Montgomery FPC,32.3920136112194,-86.35764867067337,FPC,Minimum,MAXWELL AIR FORCE BASE,,MONTGOMERY,AL,36112,783.0,32.3920136112194,-86.35764867067337
134,MRG,T,MORGANTOWN FCI,O,Morgantown FCI,39.60530793983782,-79.95054602622986,FPC,Minimum,"446 GREENBAG ROAD, ROUTE 857",,MORGANTOWN,WV,26501,395.0,39.60530793983782,-79.95054602622986
135,MVC,T,MOSHANNON VALLEY CI,O,Moshannon Valley CI,,,,,,,,,,,,
136,NYM,T,NEW YORK MCC,O,New York MCC,40.71301045194647,-74.00105774402618,MCC,Administrative,150 PARK ROW,,NEW YORK,NY,10007,0.0,40.71301045194647,-74.00105774402618
137,OAK,T,OAKDALE I FCI,O,Oakdale I FCI,30.832138156154823,-92.64348328113556,,,1507 EAST WHATLEY ROAD,,OAKDALE,LA,71463,975.0,30.832138156154823,-92.64148328113556
138,OAD,T,OAKDALE II FCI,O,Oakdale II FCI,30.832138156154823,-92.64348328113556,,,2105 EAST WHATLEY ROAD,,OAKDALE,LA,71463,1192.0,30.832138156154823,-92.64548328113555
139,OKL,T,OKLAHOMA CITY FTC,O,Oklahoma City FTC,35.39205872746594,-97.61861085891724,FTC,Administrative,7410 S. MACARTHUR BLVD,,OKLAHOMA CITY,OK,73169,1458.0,35.39205872746594,-97.61861085891724
140,OTV,T,OTISVILLE FCI,O,Otisville FCI,41.476777534148226,-74.53333675861359,FCI,Medium,TWO MILE DRIVE,,OTISVILLE,NY,10963,903.0,41.476777534148226,-74.53333675861359
141,OXF,T,OXFORD FCI,O,Oxford FCI,43.86168895704511,-89.64906513690948,FCI,Low,COUNTY ROAD G & ELK AVENUE,,OXFORD,WI,53952,1145.0,43.86168895704511,-89.64906513690948
142,PEK,T,PEKIN FCI,O,Pekin FCI,40.538068780531134,-89.66444492340088,FCI,Medium,2600 S. SECOND ST.,,PEKIN,IL,61554,1287.0,40.538068780531134,-89.66444492340088
143,PEN,T,PENSACOLA FPC,O,Pensacola FPC,30.463596043879626,-87.34315931797028,FPC,Minimum,110 RABY AVE,,PENSACOLA,FL,32509,491.0,30.463596043879626,-87.34315931797028
144,PET,T,PETERSBURG FCI,O,Petersburg FCI,37.29818430631364,-77.34108924865723,,,1100 RIVER ROAD,,HOPEWELL,VA,23860,613.0,37.29818430631364,-77.33908924865723
145,PEM,T,PETERSBURG MED FCI,O,Petersburg Med FCI,37.29818430631364,-77.34108924865723,,,1060 RIVER ROAD,,HOPEWELL,VA,23860,1566.0,37.29818430631364,-77.34308924865722
146,PHL,T,PHILADELPHIA FDC,O,Philadelphia FDC,39.95254156143854,-75.15206336975098,FDC,Administrative,700 ARCH STREET,,PHILADELPHIA,PA,19106,895.0,39.95254156143854,-75.15206336975098
147,PHX,T,PHOENIX FCI,O,Phoenix FCI,33.8338130100535,-112.16604351997375,FCI,Medium,37900 N 45TH AVE,,PHOENIX,AZ,85086,1217.0,33.8338130100535,-112.16604351997375
148,POM,T,POLLOCK MED FCI,O,Pollock Med FCI,31.46112273709915,-92.44635298848152,,,1000 AIRBASE ROAD,,POLLOCK,LA,71467,1708.0,31.46112273709915,-92.44635298848152
149,POL,T,POLLOCK USP,O,Pollock USP,31.46112044918768,-92.44189381599426,,,1000 AIRBASE ROAD,,POLLOCK,LA,71467,1095.0,31.46112044918768,-92.44189381599426
150,RBK,T,RAY BROOK FCI,O,Ray Brook FCI,44.29396385164661,-74.09729540348053,FCI,Medium,128 RAY BROOK ROAD,,RAY BROOK,NY,12977,860.0,44.29396385164661,-74.09729540348053
151,REE,T,REEVES CI,O,Reeves CI,,,,,,,,,,,,
152,RVS,T,REEVES DC,O,Reeves DC,,,,,,,,,,,,
153,RIV,T,RIVERS CI,O,Rivers CI,,,,,,,,,,,,
154,RCH,T,ROCHESTER FMC,O,Rochester FMC,44.02235399723002,-92.43875026702881,FMC,Administrative,2110 EAST CENTER STREET,,ROCHESTER,MN,55904,792.0,44.02235399723002,-92.43875026702881
155,SAF,T,SAFFORD FCI,O,Safford FCI,32.7172639931445,-109.72694993019104,FCI,Low,1529 WEST HIGHWAY 366,,SAFFORD,AZ,85546,665.0,32.7172639931445,-109.72694993019104
156,SDC,T,SAN DIEGO MCC,O,San Diego MCC,32.713711922121874,-117.16561675071716,MCC,Administrative,808 UNION STREET,,SAN DIEGO,CA,92101,760.0,32.713711922121874,-117.16561675071716
157,SST,T,SANDSTONE FCI,O,Sandstone FCI,46.11080500419979,-92.85080194473267,FCI,Low,2300 COUNTY RD 29,,SANDSTONE,MN,55072,1174.0,46.11080500419979,-92.85080194473267
158,SCH,T,SCHUYLKILL FCI,O,Schuylkill FCI,40.720412475732395,-76.35017931461334,FCI,Medium,INTERSTATE 81 & 901 W,,MINERSVILLE,PA,17954,1195.0,40.720412475732395,-76.35017931461334
159,SEA,T,SEAGOVILLE FCI,O,Seagoville FCI,32.65720731538505,-96.56396627426147,FCI,Low,2113 NORTH HWY 175,,SEAGOVILLE,TX,75159,1742.0,32.65720731538505,-96.56396627426147
160,SET,T,SEATAC FDC,O,Seatac FDC,47.422708646659736,-122.30184316635132,FDC,Administrative,2425 SOUTH 200TH STREET,,SEATTLE,WA,98198,619.0,47.422708646659736,-122.30184316635132
161,SHE,T,SHERIDAN FCI,O,Sheridan FCI,45.0840436625543,-123.39583039283752,FCI,Medium,27072 BALLSTON ROAD,,SHERIDAN,OR,97378,1552.0,45.0840436625543,-123.39583039283752
162,SPG,T,SPRINGFIELD USMCFP,O,Springfield USMCFP,37.177577690810566,-93.32125067710876,MCFP,Administrative,1900 W. SUNSHINE ST,,SPRINGFIELD,MO,65807,1096.0,37.177577690810566,-93.32125067710876
163,TAF,T,TAFT CI,O,Taft CI,,,,,,,,,,,,
164,TDG,T,TALLADEGA FCI,O,Talladega FCI,33.42497652085813,-86.14289224147797,FCI,Medium,565 EAST RENFROE ROAD,,TALLADEGA,AL,35160,1231.0,33.42497652085813,-86.14289224147797
165,TAL,T,TALLAHASSEE FCI,O,Tallahassee FCI,30.440196462640507,-84.2227578163147,FCI,Low,"501 CAPITAL CIRCLE, NE",,TALLAHASSEE,FL,32301,1148.0,30.440196462640507,-84.2227578163147
166,TRM,T,TERMINAL ISLAND FCI,O,Terminal Island FCI,33.72717724642843,-118.26813876628876,FCI,Low,1299 SEASIDE AVENUE,,SAN PEDRO,CA,90731,920.0,33.72717724642843,-118.26813876628876
167,THA,T,TERRE HAUTE FCI,O,Terre Haute FCI,39.41426418872239,-87.45132207870483,,,4200 BUREAU ROAD NORTH,,TERRE HAUTE,IN,47808,1467.0,39.41426418872239,-87.45132207870483
168,THP,T,TERRE HAUTE USP,O,Terre Haute USP,39.40987096713173,-87.45582818984985,,,4700 BUREAU ROAD SOUTH,,TERRE HAUTE,IN,47802,1363.0,39.40987096713173,-87.45582818984985
169,TEX,T,TEXARKANA FCI,O,Texarkana FCI,33.37551640898179,-94.09211754798889,FCI,Low,4001 LEOPARD DRIVE,,TEXARKANA,TX,75501,1341.0,33.37551640898179,-94.09211754798889
170,TOM,T,THOMSON ADMIN USP,O,Thomson Admin USP,41.969953,-90.104878,FCI,Low,1100 ONE MILE ROAD,,THOMSON,IL,61285,2078.0,41.969953,-90.104878
171,TRV,T,THREE RIVERS FCI,O,Three Rivers FCI,28.447770202636647,-98.32241177558899,FCI,Medium,US HIGHWAY 72 WEST,,THREE RIVERS,TX,78071,1204.0,28.447770202636647,-98.32241177558899
172,TCN,T,TUCSON FCI,O,Tucson FCI,32.08849219605296,-110.85797846317291,,,8901 S. WILMOT ROAD,,TUCSON,AZ,85756,418.0,32.08849219605296,-110.85597846317292
173,TCP,T,TUCSON USP,O,Tucson USP,32.08849219605296,-110.85797846317291,,,9300 SOUTH WILMOT ROAD,,TUCSON,AZ,85756,1107.0,32.08849219605296,-110.85997846317291
174,VIM,T,VICTORVILLE MED I FCI,O,Victorville Med I FCI,34.57220331752011,-117.36047387123108,,,13777 AIR EXPRESSWAY BLVD,,VICTORVILLE,CA,92394,1664.0,34.57220331752011,-117.35847387123108
175,VVM,T,VICTORVILLE MED II FCI,O,Victorville Med II FCI,34.57220331752011,-117.36047387123108,,,13777 AIR EXPRESSWAY BLVD,,VICTORVILLE,CA,92394,1494.0,34.57393536832768,-117.36147387123108
176,VIP,T,VICTORVILLE USP,O,Victorville USP,34.57220331752011,-117.36047387123108,,,13777 AIR EXPRESSWAY BLVD,,VICTORVILLE,CA,92394,1139.0,34.570471266712545,-117.36147387123108
177,WAS,T,WASECA FCI,O,Waseca FCI,44.0658184987203,-93.51654767990112,FCI,Low,"1000 UNIVERSITY DR, SW",,WASECA,MN,56093,858.0,44.0658184987203,-93.51654767990112
178,WIL,T,WILLIAMSBURG FCI,O,Williamsburg FCI,33.58941958610805,-79.8901104927063,FCI,Medium,8301 HIGHWAY 521,,SALTERS,SC,29590,1295.0,33.58941958610805,-79.8901104927063
179,YAN,T,YANKTON FPC,O,Yankton FPC,42.87985586556123,-97.3919802904129,FPC,Minimum,1016 DOUGLAS AVENUE,,YANKTON,SD,57078,477.0,42.87985586556123,-97.3919802904129
180,YAZ,T,YAZOO CITY FCI,O,Yazoo City FCI,32.87846088847022,-90.41682600975037,,,2225 HALEY BARBOUR PARKWAY,,YAZOO CITY,MS,39194,1483.0,32.87846088847022,-90.41482600975037
181,YAM,T,YAZOO CITY MED FCI,O,Yazoo City Med FCI,32.87846088847022,-90.41682600975037,,,2225 HALEY BARBOUR PARKWAY,,YAZOO CITY,MS,39194,1438.0,32.88019293927779,-90.41782600975037
182,YAP,T,YAZOO CITY USP,O,Yazoo City USP,32.87846088847022,-90.41682600975037,,,2225 HALEY BARBOUR PKWY,,YAZOO CITY,MS,39194,1394.0,32.876728837662654,-90.41782600975037
183,NEO,,NE OHIO CORR CTR CI,,NE Ohio Correctional Center CI,,,,,,,,,,,,
184,CAL,,CALIFORNIA CITY CI,,California City CI,,,,,,,,,,,,
185,EGL,,EGLIN FPC,,Eglin FPC,,,,,,,,,,,,
186,SEY,,SEYMOUR JOHNSN FPC,,Seymour Johnsn FPC,,,,,,,,,,,,
187,ALW,,ALLENWOOD FPC,,Allenwood FPC,,,,,,,,,,,,
188,NEL,,NELLIS FPC,,Nellis FPC,,,,,,,,,,,,
189,NLK,,NORTH LAKE CI,,North Lake CI,,,,,,,,,,,,
190,ELO,,ELOY DC,,Eloy DC,,,,,,,,,,,,
191,BSF,,BIG SPRING CI FL,,Big Spring CI FL,,,,,,,,,,,,
192,WLC,,WILLACY CI,,Willacy CI,,,,,,,,,,,,
193,ELP,,EL PASO FPC,,El Paso FPC,,,,,,,,,,,,
194,PPR,,PINE PRAIRIE CI,,Pine Prairie CI,,,,,,,,,,,,
195,CSF,,SAN FRANCISCO CCM,,San Francisco CCM,,,,,,,,,,,,
196,MXR,,MID-ATLANTIC RO,,Mid-Atlantic RO,39.12027227440838,-76.77684903144836,RO,N/A,302 SENTINEL DRIVE,,ANNAPOLIS JUNCT,MD,20701,,39.12027227440838,-76.77884903144836
197,NCR,,NORTH CENTRAL RO,,North Central RO,39.11654316704711,-94.61905896663666,RO,N/A,"400 STATE AVENUE, SUITE 800",,KANSAS CITY,KS,66101,,39.11654316704711,-94.61905896663666
198,NER,,NORTHEAST RO,,Northeast RO,39.94845387536164,-75.14467120170593,RO,N/A,"U.S. CUSTOM HOUSE, 7TH FLOOR",,PHILADELPHIA,PA,19106,,39.94845387536164,-75.14467120170593
199,SCR,,SOUTH CENTRAL RO,,South Central RO,32.741985,-96.958036,RO,N/A,US ARMED FORCES RESERVE CMPL,,GRAND PRAIRIE,TX,75051,,32.741985,-96.958036
200,SER,,SOUTHEAST RO,,Southeast RO,33.65056526729136,-84.47198867797852,RO,N/A,3800 CAMP CRK PK SW/BDG 2000,,ATLANTA,GA,30331,,33.65056526729136,-84.47198867797852
201,WXR,,WESTERN RO,,Western RO,38.01678123430942,-121.35812938213348,RO,N/A,7338 SHORELINE DRIVE,,STOCKTON,CA,95219,,38.01678123430942,-121.35812938213348
202,BOP,,CENTRAL OFFICE HQ,,Central Office HQ,38.89382399228095,-77.01224640011787,CO,N/A,"320 FIRST STREET, NW",,WASHINGTON,DC,20534,,38.89382399228095,-77.01224640011787
